<?xml version="1.0" encoding="UTF-8"?>
<beans xmlns="http://www.springframework.org/schema/beans"
	xmlns:xsi="http://www.w3.org/2001/XMLSchema-instance"
	xmlns:context="http://www.springframework.org/schema/context"
	xsi:schemaLocation="http://www.springframework.org/schema/beans http://www.springframework.org/schema/beans/spring-beans.xsd
		http://www.springframework.org/schema/context http://www.springframework.org/schema/context/spring-context-3.2.xsd">

	<context:component-scan base-package="com.ssafy.student.biz"></context:component-scan>
	<context:component-scan base-package="com.ssafy.student.dao"></context:component-scan>
	<context:component-scan base-package="com.ssafy.student.domain"></context:component-scan>
	<context:component-scan base-package="com.ssafy.student.util"></context:component-scan>
	
</beans>
