<?xml version="1.0" encoding="UTF-8" ?>
<!DOCTYPE configuration
  PUBLIC "-//mybatis.org//DTD Config 3.0//EN"
  "http://mybatis.org/dtd/mybatis-3-config.dtd">

<configuration>
	<typeAliases>
		<typeAlias type="edu.ssafy.boot.dto.MemDTO" alias="MemDTO" />
		<typeAlias type="edu.ssafy.boot.dto.ProductDTO"
			alias="ProductDTO" />
	</typeAliases>

	<mappers>
		<mapper resource="mybatis/memberSQLMapper.xml" />
		<mapper resource="mybatis/productSQLMapper.xml"/>
	</mappers>
</configuration>